id,publisher_name
1,"Simonis, Wolff and Haag"
2,"Cassin, Hayes and Gorczany"
3,"Hammes, Effertz and Goodwin"
4,Paucek Inc
5,Bashirian LLC
6,"Sawayn, Fahey and Wiegand"
7,"Metz, Wolff and Hartmann"
8,Kshlerin-Bins
9,Lubowitz-Paucek
10,Ryan LLC
11,"Durgan, Treutel and Hegmann"
12,Kassulke LLC
13,Schinner-Klein
14,"Waters, MacGyver and McClure"
15,"Shields, Rutherford and Jaskolski"
16,"Johnson, Bayer and Hintz"
17,Hegmann Inc
18,"Ondricka, Gerlach and Schuster"
19,King LLC
20,"Runte, Balistreri and Hartmann"
21,Johnson-Dicki
22,Reichert-Maggio
23,Quitzon-Wiegand
24,Reynolds Group
25,"Barton, McCullough and Bartell"
26,Metz and Sons
27,"Muller, White and Legros"
28,Stark LLC
29,Kuhic Group
30,Rippin Group
31,"Tremblay, Hoppe and Green"
32,Rippin Group
33,Orn and Sons
34,Gislason and Sons
35,Ratke and Sons
36,Quitzon-Spencer
37,Crist-Kub
38,Romaguera Inc
39,"Corkery, Harvey and Smith"
40,"Runolfsson, Schimmel and Sporer"
41,Langosh-Homenick
42,"Sauer, Blanda and Krajcik"
43,"Runolfsdottir, Cormier and Kunze"
44,"O'Connell, Jerde and Huel"
45,Ryan-Wyman
46,Marquardt-Willms
47,Hahn-Lubowitz
48,"Bednar, Kuphal and Glover"
49,Bradtke-Kuhn
50,Kerluke Inc
51,"Skiles, Boehm and Lindgren"
52,Schuster Inc
53,Zemlak-Bednar
54,"Bernier, Auer and Barton"
55,Kessler-D'Amore
56,Berge-Bednar
57,"Jacobi, Leffler and Douglas"
58,Abbott-Windler
59,"Murazik, Kunde and Kihn"
60,Batz-Farrell
61,Renner-Kuphal
62,Moore and Sons
63,Zulauf-Dare
64,"Stiedemann, Collins and Grimes"
65,"Dicki, Jaskolski and Stiedemann"
66,Hand Inc
67,Borer-Watsica
68,"Veum, Kutch and Beahan"
69,Kessler LLC
70,"Little, Lebsack and Dietrich"
71,Ankunding-Beer
72,Turner-Orn
73,"Sanford, Gutmann and Hyatt"
74,"Shields, Beer and Pacocha"
75,"Nolan, Hintz and Feil"
76,"Volkman, Smitham and Schaefer"
77,Kirlin and Sons
78,"Harris, Hettinger and Ryan"
79,"Ryan, Ledner and Murazik"
80,Blick-Volkman
81,Rau Group
82,Lindgren-Johns
83,Mayert-O'Keefe
84,Cummings Group
85,"Cormier, Bahringer and Runolfsson"
86,"Carroll, Crist and Dicki"
87,Reinger-Legros
88,Fadel-Langworth
89,Satterfield Group
90,Windler-Dooley
91,Baumbach-Friesen
92,"Osinski, Balistreri and Wiza"
93,Thiel-West
94,"Mertz, Kuhn and Murphy"
95,Runolfsson Group
96,Breitenberg-King
97,Kshlerin-Kautzer
98,D'Amore Inc
99,"Breitenberg, Volkman and Corwin"
100,Bednar-Lakin
101,"DuBuque, Wisoky and Oberbrunner"
102,Ziemann-Walsh
103,Zemlak LLC
104,Wiza Inc
105,Ratke Group
106,"Powlowski, Rodriguez and Hackett"
107,Oberbrunner-Stroman
108,"Jenkins, Murphy and Jerde"
109,Lebsack-McGlynn
110,"Larkin, McGlynn and Ruecker"
111,"Pacocha, Kris and Weimann"
112,"Feeney, Huel and Berge"
113,Mayert-Windler
114,Feil LLC
115,Yundt-Strosin
116,"Deckow, Brekke and Stiedemann"
117,"Bednar, Johns and Miller"
118,Jones-Kautzer
119,Rowe Inc
120,"Krajcik, Kerluke and Mosciski"
121,Gorczany-Bailey
122,Gottlieb Inc
123,Kutch Group
124,"Hermiston, Kovacek and Feil"
125,"Miller, Nolan and Konopelski"
126,Little Inc
127,Price Inc
128,Kunze-Dooley
129,"Friesen, Mertz and Moore"
130,"Bogisich, Mosciski and Lind"
131,Gorczany and Sons
132,Will-Gibson
133,Volkman-Hauck
134,Streich and Sons
135,"Boyle, Hermiston and Keeling"
136,Luettgen Group
137,Maggio-Jones
138,"Davis, Boehm and Bode"
139,Ruecker and Sons
140,Sporer-Conroy
141,Konopelski Group
142,Lynch-Morissette
143,"Stoltenberg, Ruecker and O'Conner"
144,Baumbach Inc
145,"Hickle, Nolan and Haley"
146,Kilback-Shanahan
147,Hane-Powlowski
148,Kovacek Group
149,"Reynolds, Huel and Marvin"
150,Hane-Kassulke
151,Yundt-McClure
152,"Zieme, Lockman and Collins"
153,Dickens Group
154,Maggio-Bahringer
155,Brown-Bayer
156,Klocko LLC
157,Leannon and Sons
158,Ryan-Moore
159,Hauck Inc
160,Parker-Jaskolski
161,Weissnat-Prosacco
162,"Huel, Klein and Wiegand"
163,"Douglas, O'Conner and Mertz"
164,Lebsack-Boyer
165,Maggio Inc
166,"Romaguera, Champlin and Stanton"
167,Gottlieb LLC
168,"Kemmer, Bashirian and Watsica"
169,Hilll and Sons
170,Franecki-Hermiston
171,Stamm-Casper
172,Predovic-Streich
173,VonRueden-Kris
174,"Will, Bernhard and Breitenberg"
175,"Ortiz, Windler and Kuphal"
176,Mosciski Group
177,Runolfsdottir Group
178,Tromp-Feil
179,Lind Inc
180,"Effertz, Kihn and Bashirian"
181,Bashirian Inc
182,Hermann Group
183,Daugherty-Cremin
184,Nolan-Pfeffer
185,Strosin and Sons
186,"Padberg, Jones and Kirlin"
187,Kassulke-Maggio
188,"Little, Nolan and Koss"
189,Stokes and Sons
190,"Bode, O'Kon and Schulist"
191,Emard LLC
192,Fay-Graham
193,Dicki Group
194,Streich-Pacocha
195,"Deckow, Robel and Greenholt"
196,Blick-Hansen
197,"Gutmann, Nolan and Brakus"
198,"Schmidt, McDermott and Shields"
199,Schulist-Gaylord
200,Rau Group
